book_id,goodreads_book_id,best_book_id,work_id,books_count,isbn,isbn13,authors,original_publication_year,original_title,title,language_code,average_rating,ratings_count,work_ratings_count,work_text_reviews_count,ratings_1,ratings_2,ratings_3,ratings_4,ratings_5,image_url,small_image_url,description,genres,themes
1,2767052,2767052,2792775,272,439023483,9.78E+12,Suzanne Collins,2008,The Hunger Games,"The Hunger Games (The Hunger Games, #1)",eng,4.34,4780653,4942365,155254,66715,127936,560092,1481305,2706317,https://images.gr-assets.com/books/1447303603m/2767052.jpg,https://images.gr-assets.com/books/1447303603s/2767052.jpg,"A gripping dystopian story where teenagers are forced to fight to the death in a televised arena under an oppressive totalitarian government. Themes of survival, rebellion, sacrifice, and the corrupting influence of power drive this intense narrative about courage in the face of tyranny.","young adult, dystopian, science fiction, adventure","survival, rebellion, government oppression, sacrifice, coming of age, social inequality"
2,3,3,4640799,491,439554934,9.78E+12,"J.K. Rowling, Mary GrandPré",1997,Harry Potter and the Philosopher's Stone,"Harry Potter and the Sorcerer's Stone (Harry Potter, #1)",eng,4.44,4602479,4800065,75867,75504,101676,455024,1156318,3011543,https://images.gr-assets.com/books/1474154022m/3.jpg,https://images.gr-assets.com/books/1474154022s/3.jpg,"A young orphan boy discovers he's a wizard and begins his magical education at Hogwarts School of Witchcraft and Wizardry. An enchanting tale of friendship, courage, and the eternal battle between good and evil filled with wonder, adventure, and the discovery of one's true identity.","fantasy, young adult, magic, adventure","friendship, good vs evil, coming of age, destiny, courage, belonging"
3,41865,41865,3212258,226,316015849,9.78E+12,Stephenie Meyer,2005,Twilight,"Twilight (Twilight, #1)",en-US,3.57,3866839,3916824,95009,456191,436802,793319,875073,1355439,https://images.gr-assets.com/books/1361039443m/41865.jpg,https://images.gr-assets.com/books/1361039443s/41865.jpg,"A romantic paranormal tale of a teenage girl who falls in love with a mysterious vampire. Explores themes of forbidden love, danger, immortality, and the intensity of first relationships set against a backdrop of supernatural conflict.","paranormal romance, young adult, fantasy","forbidden love, immortality, danger, first love, choice, supernatural"
4,2657,2657,3275794,487,61120081,9.78E+12,Harper Lee,1960,To Kill a Mockingbird,To Kill a Mockingbird,eng,4.25,3198671,3340896,72586,60427,117415,446835,1001952,1714267,https://images.gr-assets.com/books/1361975680m/2657.jpg,https://images.gr-assets.com/books/1361975680s/2657.jpg,"A powerful coming-of-age story set in Depression-era Alabama exploring racial injustice through a child's eyes. This profound narrative addresses themes of moral courage, prejudice, innocence, and standing up for what's right even when society opposes you.","classic, historical fiction, literary fiction","racial injustice, moral courage, coming of age, prejudice, innocence, small town life"
5,4671,4671,245494,1356,743273567,9.78E+12,F. Scott Fitzgerald,1925,The Great Gatsby,The Great Gatsby,eng,3.89,2683664,2773745,51992,86236,197621,606158,936012,947718,https://images.gr-assets.com/books/1490528560m/4671.jpg,https://images.gr-assets.com/books/1490528560s/4671.jpg,"A tragic tale of wealth, obsession, and the American Dream in 1920s Jazz Age America. Explores themes of love, ambition, social class, and the corruption beneath glamorous surfaces through the mysterious Jay Gatsby's pursuit of an impossible dream.","classic, literary fiction, historical fiction","american dream, wealth, obsession, social class, illusion vs reality, tragic love"
6,11870085,11870085,16827462,226,525478817,9.78E+12,John Green,2012,The Fault in Our Stars,The Fault in Our Stars,eng,4.26,2346404,2478609,140739,47994,92723,327550,698471,1311871,https://images.gr-assets.com/books/1360206420m/11870085.jpg,https://images.gr-assets.com/books/1360206420s/11870085.jpg,"A deeply emotional and heartbreaking love story between two teenagers fighting terminal cancer. This profound narrative explores mortality, meaning, love, and finding beauty and humor even in life's darkest moments with raw honesty and devastating tenderness.","young adult, contemporary, romance","terminal illness, mortality, love, grief, hope, finding meaning, heartbreaking"
7,5907,5907,1540236,969,618260307,9.78E+12,J.R.R. Tolkien,1937,The Hobbit or There and Back Again,The Hobbit,en-US,4.25,2071616,2196809,37653,46023,76784,288649,665635,1119718,https://images.gr-assets.com/books/1372847500m/5907.jpg,https://images.gr-assets.com/books/1372847500s/5907.jpg,"An epic fantasy adventure following reluctant hobbit Bilbo Baggins on an unexpected journey filled with dragons, dwarves, and magical creatures. A tale of courage, personal growth, and discovering hidden strengths while facing dangerous quests in Middle-earth.","fantasy, adventure, classic","courage, adventure, personal growth, greed, heroism, home"
8,5107,5107,3036731,360,316769177,9.78E+12,J.D. Salinger,1951,The Catcher in the Rye,The Catcher in the Rye,eng,3.79,2044241,2120637,44920,109383,185520,455042,661516,709176,https://images.gr-assets.com/books/1398034300m/5107.jpg,https://images.gr-assets.com/books/1398034300s/5107.jpg,"A controversial coming-of-age novel following disillusioned teenager Holden Caulfield through New York City. Explores teenage angst, alienation, loss of innocence, rebellion against phoniness, and the painful transition from childhood to adulthood.","classic, literary fiction, coming of age","teenage rebellion, alienation, loss of innocence, mental health, identity, phoniness"
9,960,960,3338963,311,1416524797,9.78E+12,Dan Brown,2000,Angels & Demons ,"Angels & Demons  (Robert Langdon, #1)",en-CA,3.85,2001311,2078754,25112,77841,145740,458429,716569,680175,https://images.gr-assets.com/books/1303390735m/960.jpg,https://images.gr-assets.com/books/1303390735s/960.jpg,"A fast-paced thriller following symbologist Robert Langdon as he races to prevent a terrorist attack on Vatican City. A gripping mystery involving secret societies, religious symbolism, science versus faith, and ancient conspiracies with high-stakes action.","thriller, mystery, suspense","conspiracy, science vs religion, secret societies, race against time, symbolism"
10,1885,1885,3060926,3455,679783261,9.78E+12,Jane Austen,1813,Pride and Prejudice,Pride and Prejudice,eng,4.24,2035490,2191465,49152,54700,86485,284852,609755,1155673,https://images.gr-assets.com/books/1320399351m/1885.jpg,https://images.gr-assets.com/books/1320399351s/1885.jpg,"A witty romantic comedy following Elizabeth Bennet's journey from prejudice to love in Regency England. A timeless exploration of class, reputation, first impressions, marriage, and learning to look beyond pride and prejudice to find true connection.","classic, romance, historical fiction","love, social class, pride, prejudice, marriage, first impressions, reputation"
11,77203,77203,3295919,283,1594480001,9.78E+12,Khaled Hosseini,2003,The Kite Runner ,The Kite Runner,eng,4.26,1813044,1878095,59730,34288,59980,226062,628174,929591,https://images.gr-assets.com/books/1484565687m/77203.jpg,https://images.gr-assets.com/books/1484565687s/77203.jpg,"A powerful and emotionally devastating story of friendship, betrayal, and redemption set against Afghanistan's tumultuous history. Explores themes of guilt, atonement, father-son relationships, and the long shadow of past mistakes in a deeply moving narrative.","literary fiction, historical fiction","friendship, betrayal, redemption, guilt, father-son relationship, war, atonement, heartbreaking"
12,13335037,13335037,13155899,210,62024035,9.78E+12,Veronica Roth,2011,Divergent,"Divergent (Divergent, #1)",eng,4.24,1903563,2216814,101023,36315,82870,310297,673028,1114304,https://images.gr-assets.com/books/1328559506m/13335037.jpg,https://images.gr-assets.com/books/1328559506s/13335037.jpg,"A thrilling dystopian tale where society is divided into factions based on virtues and one girl discovers she doesn't fit. Explores themes of identity, conformity, choice, bravery, and rebellion against oppressive systems that categorize and control people.","young adult, dystopian, science fiction","identity, conformity, rebellion, courage, choice, government control, coming of age"
13,5470,5470,153313,995,451524934,9.78E+12,"George Orwell, Erich Fromm, Celâl Üster",1949,Nineteen Eighty-Four,1984,eng,4.14,1956832,2053394,45518,41845,86425,324874,692021,908229,https://images.gr-assets.com/books/1348990566m/5470.jpg,https://images.gr-assets.com/books/1348990566s/5470.jpg,"A chilling dystopian masterpiece about totalitarian surveillance state and thought control. Winston Smith's struggle for truth and freedom explores government oppression, propaganda, loss of privacy, manipulation of reality, and the death of individual freedom.","dystopian, classic, science fiction, political fiction","totalitarianism, surveillance, government oppression, thought control, freedom, propaganda, dystopia"
14,7613,7613,2207778,896,452284244,9.78E+12,George Orwell,1945,Animal Farm: A Fairy Story,Animal Farm,eng,3.87,1881700,1982987,35472,66854,135147,433432,698642,648912,https://images.gr-assets.com/books/1424037542m/7613.jpg,https://images.gr-assets.com/books/1424037542s/7613.jpg,"An allegorical novella using farm animals to satirize totalitarian regimes and political corruption. A powerful critique of power, revolution betrayed, propaganda, and how idealistic movements can become the very tyranny they sought to overthrow.","classic, political fiction, allegory, dystopian","political corruption, power, revolution, propaganda, totalitarianism, betrayal, satire"
15,48855,48855,3532896,710,553296981,9.78E+12,"Anne Frank, Eleanor Roosevelt, B.M. Mooyaart-Doubleday",1947,Het Achterhuis: Dagboekbrieven 14 juni 1942 - 1 augustus 1944,The Diary of a Young Girl,eng,4.1,1972666,2024493,20825,45225,91270,355756,656870,875372,https://images.gr-assets.com/books/1358276407m/48855.jpg,https://images.gr-assets.com/books/1358276407s/48855.jpg,"The authentic diary of a Jewish girl hiding from Nazis during WWII Holocaust. A profoundly moving testament to hope, resilience, coming of age, and the human spirit's strength during humanity's darkest hours documenting tragic historical persecution.","memoir, biography, historical, non-fiction","Holocaust, hope, persecution, war, survival, coming of age, tragedy, resilience"
16,2429135,2429135,1708725,274,307269752,9.78E+12,"Stieg Larsson, Reg Keeland",2005,Män som hatar kvinnor,"The Girl with the Dragon Tattoo (Millennium, #1)",eng,4.11,1808403,1929834,62543,54835,86051,285413,667485,836050,https://images.gr-assets.com/books/1327868566m/2429135.jpg,https://images.gr-assets.com/books/1327868566s/2429135.jpg,"A gripping Nordic noir mystery featuring hacker Lisbeth Salander investigating a decades-old disappearance. Dark thriller exploring violence against women, corruption, family secrets, and justice with complex characters and shocking revelations.","mystery, thriller, crime","violence against women, corruption, justice, investigation, revenge, family secrets"
17,6148028,6148028,6171458,201,439023491,9.78E+12,Suzanne Collins,2009,Catching Fire,"Catching Fire (The Hunger Games, #2)",eng,4.3,1831039,1988079,88538,10492,48030,262010,687238,980309,https://images.gr-assets.com/books/1358273780m/6148028.jpg,https://images.gr-assets.com/books/1358273780s/6148028.jpg,"The explosive sequel where Katniss becomes symbol of rebellion against the Capitol. Intensifying dystopian thriller about revolution, propaganda, survival, and the price of defiance against totalitarian control with higher stakes and deeper political intrigue.","young adult, dystopian, science fiction","revolution, rebellion, propaganda, sacrifice, political intrigue, survival"
18,5,5,2402163,376,043965548X,9.78E+12,"J.K. Rowling, Mary GrandPré, Rufus Beck",1999,Harry Potter and the Prisoner of Azkaban,"Harry Potter and the Prisoner of Azkaban (Harry Potter, #3)",eng,4.53,1832823,1969375,36099,6716,20413,166129,509447,1266670,https://images.gr-assets.com/books/1499277281m/5.jpg,https://images.gr-assets.com/books/1499277281s/5.jpg,"Harry's third year at Hogwarts involves time travel, dangerous prisoners, and uncovering truth about his past. Darker magical adventure exploring themes of identity, truth versus perception, friendship loyalty, and confronting fear.","fantasy, young adult, magic, adventure","identity, truth, loyalty, time travel, fear, friendship, mystery"
19,34,34,3204327,566,618346252,9.78E+12,J.R.R. Tolkien,1954, The Fellowship of the Ring,"The Fellowship of the Ring (The Lord of the Rings, #1)",eng,4.34,1766803,1832541,15333,38031,55862,202332,493922,1042394,https://images.gr-assets.com/books/1298411339m/34.jpg,https://images.gr-assets.com/books/1298411339s/34.jpg,"Epic fantasy beginning the quest to destroy the One Ring and defeat dark lord Sauron. Masterful tale of friendship, courage, temptation, sacrifice, and good versus evil across Middle-earth with rich world-building and timeless heroism.","fantasy, adventure, epic, classic","good vs evil, friendship, courage, sacrifice, temptation, quest, heroism"
20,7260188,7260188,8812783,239,439023513,9.78E+12,Suzanne Collins,2010,Mockingjay,"Mockingjay (The Hunger Games, #3)",eng,4.03,1719760,1870748,96274,30144,110498,373060,618271,738775,https://images.gr-assets.com/books/1358275419m/7260188.jpg,https://images.gr-assets.com/books/1358275419s/7260188.jpg,"The final chapter of Katniss's journey as reluctant symbol of revolution against tyrannical Capitol. Dark conclusion exploring war's psychological toll, propaganda, moral complexity, trauma, and the true cost of rebellion and freedom.","young adult, dystopian, science fiction","war, trauma, revolution, propaganda, moral ambiguity, psychological impact, freedom"
21,2,2,2809203,307,439358078,9.78E+12,"J.K. Rowling, Mary GrandPré",2003,Harry Potter and the Order of the Phoenix,"Harry Potter and the Order of the Phoenix (Harry Potter, #5)",eng,4.46,1735368,1840548,28685,9528,31577,180210,494427,1124806,https://images.gr-assets.com/books/1387141547m/2.jpg,https://images.gr-assets.com/books/1387141547s/2.jpg,"Harry's fifth year brings teenage angst, corrupt authority, and Voldemort's return to power. Darker magical tale exploring government corruption, resistance, growing up, loss, and standing against oppressive systems while dealing with PTSD and isolation.","fantasy, young adult, magic","government corruption, resistance, coming of age, loss, isolation, authority, teenage angst"
22,12232938,12232938,1145090,183,316166685,9.78E+12,Alice Sebold,2002,The Lovely Bones,The Lovely Bones,eng,3.77,1605173,1661562,36642,62777,131188,404699,583575,479323,https://images.gr-assets.com/books/1457810586m/12232938.jpg,https://images.gr-assets.com/books/1457810586s/12232938.jpg,"A murdered girl watches from heaven as her family grieves and seeks justice. Heartbreaking exploration of loss, grief, healing, family bonds, and finding peace after tragedy told from unique afterlife perspective with devastating emotional impact.","literary fiction, mystery","grief, loss, tragedy, family, healing, afterlife, justice, heartbreaking, murder"
23,15881,15881,6231171,398,439064864,9.78E+12,"J.K. Rowling, Mary GrandPré",1998,Harry Potter and the Chamber of Secrets,"Harry Potter and the Chamber of Secrets (Harry Potter, #2)",eng,4.37,1779331,1906199,34172,8253,42251,242345,548266,1065084,https://images.gr-assets.com/books/1474169725m/15881.jpg,https://images.gr-assets.com/books/1474169725s/15881.jpg,"Harry's second year involves mysterious attacks, ancient secrets, and a hidden chamber beneath Hogwarts. Magical mystery adventure exploring prejudice, identity, courage, and proving one's worth beyond bloodlines and inherited labels.","fantasy, young adult, magic, mystery","prejudice, identity, courage, mystery, friendship, heroism"
24,6,6,3046572,332,439139600,9.78E+12,"J.K. Rowling, Mary GrandPré",2000,Harry Potter and the Goblet of Fire,"Harry Potter and the Goblet of Fire (Harry Potter, #4)",eng,4.53,1753043,1868642,31084,6676,20210,151785,494926,1195045,https://images.gr-assets.com/books/1361482611m/6.jpg,https://images.gr-assets.com/books/1361482611s/6.jpg,"Harry competes in dangerous Triwizard Tournament while dark forces conspire to return Voldemort to power. Action-packed magical adventure with tournaments, first romance, betrayal, and the series' darkest turn as evil resurfaces with deadly consequences.","fantasy, young adult, magic, adventure","competition, betrayal, good vs evil, coming of age, death, tournament, dark magic"
25,136251,136251,2963218,263,545010225,9.78E+12,"J.K. Rowling, Mary GrandPré",2007,Harry Potter and the Deathly Hallows,"Harry Potter and the Deathly Hallows (Harry Potter, #7)",eng,4.61,1746574,1847395,51942,9363,22245,113646,383914,1318227,https://images.gr-assets.com/books/1474171184m/136251.jpg,https://images.gr-assets.com/books/1474171184s/136251.jpg,"The epic conclusion as Harry hunts Horcruxes to destroy Voldemort in final battle between good and evil. Powerful finale exploring sacrifice, mortality, love's power, loyalty, and courage with devastating losses and triumphant resolution of the magical saga.","fantasy, young adult, magic, adventure","sacrifice, good vs evil, mortality, love, courage, friendship, war, death"
26,968,968,2982101,350,307277674,9.78E+12,Dan Brown,2003,The Da Vinci Code,"The Da Vinci Code (Robert Langdon, #2)",eng,3.79,1447148,1557292,41560,71345,126493,340790,539277,479387,https://images.gr-assets.com/books/1303252999m/968.jpg,https://images.gr-assets.com/books/1303252999s/968.jpg,"A symbologist and cryptologist race to solve ancient mystery involving religious secrets and conspiracy. Fast-paced thriller combining art history, religious controversy, secret societies, and codes with controversial theories about Christianity and hidden truths.","thriller, mystery, suspense","conspiracy, religion, secret societies, art history, mystery, codes, controversy"
27,1,1,41335427,275,439785960,9.78E+12,"J.K. Rowling, Mary GrandPré",2005,Harry Potter and the Half-Blood Prince,"Harry Potter and the Half-Blood Prince (Harry Potter, #6)",eng,4.54,1678823,1785676,27520,7308,21516,136333,459028,1161491,https://images.gr-assets.com/books/1361039191m/1.jpg,https://images.gr-assets.com/books/1361039191s/1.jpg,"Harry learns about Voldemort's past while mysterious Half-Blood Prince's potions book aids him. Dark magical mystery exploring origins of evil, love, sacrifice, and preparing for war with tragic loss and deepening danger.","fantasy, young adult, magic, mystery","good vs evil, sacrifice, loss, mystery, mentor relationship, dark magic, tragedy"
28,7624,7624,2766512,458,140283331,9.78E+12,William Golding,1954,Lord of the Flies ,Lord of the Flies,eng,3.64,1605019,1671484,26886,92779,160295,425648,564916,427846,https://images.gr-assets.com/books/1327869409m/7624.jpg,https://images.gr-assets.com/books/1327869409s/7624.jpg,"Stranded boys on deserted island descend from civilization into savagery. Dark allegorical tale of human nature, loss of innocence, mob mentality, and how thin the veneer of civilization is when survival instincts and power struggles emerge.","classic, allegory, dystopian","human nature, civilization vs savagery, loss of innocence, power, survival, mob mentality"
29,18135,18135,3349450,1937,743477111,9.78E+12,"William Shakespeare, Robert           Jackson",1595,An Excellent conceited Tragedie of Romeo and Juliet,Romeo and Juliet,eng,3.73,1628519,1672889,14778,57980,153179,452673,519822,489235,https://images.gr-assets.com/books/1327872146m/18135.jpg,https://images.gr-assets.com/books/1327872146s/18135.jpg,"Shakespeare's timeless tragedy of young star-crossed lovers from feuding families. Classic tale of passionate love, family conflict, fate, hasty decisions, and how hatred and prejudice lead to devastating tragic consequences.","classic, tragedy, drama, romance","forbidden love, fate, tragedy, family feud, passion, youth, death"
30,8442457,19288043,13306276,196,297859382,9.78E+12,Gillian Flynn,2012,Gone Girl,Gone Girl,eng,4.03,512475,1626519,121614,38874,80807,280331,616031,610476,https://images.gr-assets.com/books/1339602131m/8442457.jpg,https://images.gr-assets.com/books/1339602131s/8442457.jpg,"Dark psychological thriller about wife's disappearance and the shocking truths about their marriage. Twisted narrative exploring manipulation, media influence, toxic relationships, and unreliable narrators with jaw-dropping revelations and disturbing character studies.","thriller, mystery, psychological","manipulation, toxic relationships, media influence, deception, marriage, psychological thriller"
31,4667024,4667024,4717423,183,399155341,9.78E+12,Kathryn Stockett,2009,The Help,The Help,eng,4.45,1531753,1603545,78204,10235,25117,134887,490754,942552,https://images.gr-assets.com/books/1346100365m/4667024.jpg,https://images.gr-assets.com/books/1346100365s/4667024.jpg,"Black maids in 1960s Mississippi share their stories with white author during Civil Rights era. Powerful narrative about racism, courage, friendship across racial divides, finding voice, and fighting injustice in segregated South.","historical fiction, literary fiction","racism, courage, civil rights, friendship, injustice, segregation, finding voice, empowerment"
32,890,890,40283,373,142000671,9.78E+12,John Steinbeck,1937,Of Mice and Men ,Of Mice and Men,eng,3.84,1467496,1518741,24642,46630,110856,355169,532291,473795,https://images.gr-assets.com/books/1437235233m/890.jpg,https://images.gr-assets.com/books/1437235233s/890.jpg,"Tragic tale of two migrant workers pursuing their dream of owning land during Great Depression. Poignant exploration of friendship, loneliness, dreams, innocence, mercy, and the harsh realities that crush hope and human connection.","classic, literary fiction, tragedy","friendship, dreams, loneliness, innocence, tragedy, Great Depression, mercy, loss"
33,930,929,1558965,220,739326228,9.78E+12,Arthur Golden,1997,Memoirs of a Geisha,Memoirs of a Geisha,eng,4.08,1300209,1418172,25605,23500,59033,258700,517157,559782,https://s.gr-assets.com/assets/nophoto/book/111x148-bcc042a9c91a29c1d680899eff700a03.png,https://s.gr-assets.com/assets/nophoto/book/50x75-a91bf249278a81aabab721ef782c4a74.png,"A young girl's transformation into celebrated geisha in pre-WWII Japan. Captivating story of beauty, sacrifice, ambition, survival, forbidden love, and navigating rigid social hierarchies in exotic world of Japanese geisha culture.","historical fiction, literary fiction","ambition, survival, forbidden love, social hierarchy, tradition, sacrifice, coming of age"
34,10818853,10818853,15732562,169,1612130291,9.78E+12,E.L. James,2011,Fifty Shades of Grey,"Fifty Shades of Grey (Fifty Shades, #1)",eng,3.67,1338493,1436818,75437,165455,152293,252185,294976,571909,https://images.gr-assets.com/books/1385207843m/10818853.jpg,https://images.gr-assets.com/books/1385207843s/10818853.jpg,"Innocent student enters intense relationship with wealthy businessman with dark desires. Controversial erotic romance exploring passion, control, boundaries, and unconventional relationship dynamics with explicit content and polarizing portrayal of desire.","romance, erotica, contemporary","passion, control, desire, boundaries, relationships, wealth, dominance"
35,865,865,4835472,458,61122416,9.78E+12,"Paulo Coelho, Alan R. Clarke",1988,O Alquimista,The Alchemist,eng,3.82,1299566,1403995,55781,74846,123614,289143,412180,504212,https://images.gr-assets.com/books/1483412266m/865.jpg,https://images.gr-assets.com/books/1483412266s/865.jpg,"A shepherd boy's philosophical journey to find treasure and fulfill his personal legend. Inspirational allegorical tale about following dreams, destiny, self-discovery, listening to heart, and finding treasure within through spiritual journey.","philosophical fiction, allegory, inspirational","dreams, destiny, self-discovery, journey, spirituality, personal legend, inspiration"
36,3636,3636,2543234,192,385732554,9.78E+12,Lois Lowry,1993,The Giver,"The Giver (The Giver, #1)",eng,4.12,1296825,1345445,54084,26497,59652,225326,448691,585279,https://images.gr-assets.com/books/1342493368m/3636.jpg,https://images.gr-assets.com/books/1342493368s/3636.jpg,"A boy in seemingly perfect society discovers dark truths about conformity and loss of humanity. Thought-provoking dystopian tale exploring memory, emotion, choice, individuality, and the cost of eliminating pain and conflict from human experience.","young adult, dystopian, science fiction","conformity, memory, choice, individuality, utopia, control, humanity"
37,100915,100915,4790821,474,60764899,9.78E+12,C.S. Lewis,1950,"The Lion, the Witch and the Wardrobe","The Lion, the Witch, and the Wardrobe (Chronicles of Narnia, #1)",eng,4.19,1531800,1584884,15186,19309,55542,262038,513366,734629,https://images.gr-assets.com/books/1353029077m/100915.jpg,https://images.gr-assets.com/books/1353029077s/100915.jpg,"Children discover magical world of Narnia and join lion Aslan against evil White Witch. Classic fantasy adventure with Christian allegory exploring good versus evil, sacrifice, redemption, courage, and magical wonder in enchanted realm.","fantasy, children's, classic, adventure","good vs evil, sacrifice, redemption, courage, magic, adventure, allegory"
38,14050,18619684,2153746,167,965818675,9.78E+12,Audrey Niffenegger,2003,The Time Traveler's Wife,The Time Traveler's Wife,eng,3.95,746287,1308667,43382,44339,85429,257805,427210,493884,https://images.gr-assets.com/books/1437728815m/14050.jpg,https://images.gr-assets.com/books/1437728815s/14050.jpg,"Unconventional love story between woman and man who involuntarily time travels. Romantic science fiction exploring love across time, fate, waiting, loss, and how relationship endures despite impossible circumstances and temporal displacement.","romance, science fiction, fantasy","love, time travel, fate, loss, waiting, unconventional relationships, destiny"
39,13496,13496,1466917,101,553588486,9.78E+12,George R.R. Martin,1996,A Game of Thrones,"A Game of Thrones (A Song of Ice and Fire, #1)",eng,4.45,1319204,1442220,46205,19988,28983,114092,404583,874574,https://images.gr-assets.com/books/1436732693m/13496.jpg,https://images.gr-assets.com/books/1436732693s/13496.jpg,"Epic fantasy of noble families fighting for Iron Throne in brutal medieval world. Complex tale of political intrigue, war, betrayal, power struggles, and morally gray characters where anyone can die in game of thrones.","fantasy, epic, adventure","political intrigue, war, power, betrayal, family, honor, violence, complex characters"
40,19501,19501,3352398,185,143038419,9.78E+12,Elizabeth Gilbert,2006,"Eat, pray, love: one woman's search for everything across Italy, India and Indonesia","Eat, Pray, Love",eng,3.51,1181647,1206597,49714,100373,149549,310212,332191,314272,https://images.gr-assets.com/books/1503066414m/19501.jpg,https://images.gr-assets.com/books/1503066414s/19501.jpg,"Woman's journey of self-discovery through Italy, India, and Indonesia after divorce. Memoir about finding yourself, healing, spirituality, pleasure, balance, and transformation through travel, food, meditation, and love.","memoir, non-fiction, travel, inspirational","self-discovery, healing, travel, spirituality, divorce, transformation, finding balance"
41,28187,28187,3346751,159,786838655,9.78E+12,Rick Riordan,2005,The Lightning Thief,"The Lightning Thief (Percy Jackson and the Olympians, #1)",eng,4.23,1366265,1411114,46006,18303,48294,219638,435514,689365,https://images.gr-assets.com/books/1400602609m/28187.jpg,https://images.gr-assets.com/books/1400602609s/28187.jpg,"Boy discovers he's demigod son of Poseidon and embarks on quest to prevent war among gods. Fun adventure blending Greek mythology with modern world, featuring friendship, self-discovery, heroism, and exciting mythological battles.","fantasy, young adult, mythology, adventure","Greek mythology, self-discovery, friendship, heroism, adventure, coming of age, gods"
42,1934,1934,3244642,1707,451529308,9.78E+12,Louisa May Alcott,1868,Little Women,"Little Women (Little Women, #1)",en-US,4.04,1257121,1314293,17090,31645,70011,250794,426280,535563,https://s.gr-assets.com/assets/nophoto/book/111x148-bcc042a9c91a29c1d680899eff700a03.png,https://s.gr-assets.com/assets/nophoto/book/50x75-a91bf249278a81aabab721ef782c4a74.png,"Four sisters grow from childhood to womanhood during Civil War era. Beloved classic about family, sisterhood, dreams, love, loss, and finding one's path while staying true to yourself and those you cherish.","classic, historical fiction, coming of age","family, sisterhood, coming of age, dreams, love, loss, growth, women's lives"
43,10210,10210,2977639,2568,142437204,9.78E+12,"Charlotte Brontë, Michael Mason",1847,Jane Eyre,Jane Eyre,eng,4.1,1198557,1286135,31212,35132,64274,212294,400214,574221,https://images.gr-assets.com/books/1327867269m/10210.jpg,https://images.gr-assets.com/books/1327867269s/10210.jpg,"Orphaned governess falls for brooding employer with dark secrets at Thornfield Hall. Gothic romance exploring independence, morality, love, secrets, class barriers, and a woman's search for identity and equality in Victorian England.","classic, romance, gothic","independence, love, secrets, morality, class, identity, women's rights, mystery"
44,15931,15931,1498135,190,553816713,9.78E+12,Nicholas Sparks,1996,The Notebook,"The Notebook (The Notebook, #1)",eng,4.06,1053403,1076749,17279,41395,63432,176469,298259,497194,https://images.gr-assets.com/books/1385738917m/15931.jpg,https://images.gr-assets.com/books/1385738917s/15931.jpg,"Elderly man reads love story to dementia-stricken wife about their own passionate romance. Deeply romantic and emotional tale of enduring love, memory, devotion, aging, and love that transcends time and tragedy.","romance, contemporary","enduring love, memory, devotion, aging, passion, heartbreaking, loyalty, Alzheimer's"
45,4214,4214,1392700,264,770430074,9.78E+12,Yann Martel,2001,Life of Pi,Life of Pi,,3.88,1003228,1077431,42962,39768,74331,218702,384164,360466,https://images.gr-assets.com/books/1320562005m/4214.jpg,https://images.gr-assets.com/books/1320562005s/4214.jpg,"Indian boy survives 227 days stranded on lifeboat with Bengal tiger after shipwreck. Philosophical adventure about survival, faith, reality versus imagination, storytelling, and finding meaning while confronting nature's brutality and wonder.","adventure, philosophical fiction","survival, faith, reality vs imagination, nature, storytelling, isolation, philosophy"
46,43641,43641,3441236,128,1565125606,9.78E+12,Sara Gruen,2006,Water for Elephants,Water for Elephants,eng,4.07,1068146,1108839,55732,16705,49832,200154,417328,424820,https://images.gr-assets.com/books/1494428973m/43641.jpg,https://images.gr-assets.com/books/1494428973s/43641.jpg,"Veterinary student joins Depression-era circus and falls for married performer. Historical fiction romance about circus life, forbidden love, animal welfare, survival during hard times, and finding family in unexpected places.","historical fiction, romance","circus, forbidden love, Depression era, survival, animals, adventure, romance"
47,19063,19063,878368,251,375831002,9.78E+12,Markus Zusak,2005,The Book Thief,The Book Thief,eng,4.36,1159741,1287798,93611,17892,35360,135272,377218,722056,https://images.gr-assets.com/books/1390053681m/19063.jpg,https://images.gr-assets.com/books/1390053681s/19063.jpg,"Death narrates story of girl stealing books in Nazi Germany to share with hiding Jewish man. Powerful and heartbreaking tale about words' power, humanity during Holocaust, love, loss, and light in darkness with devastating emotional impact.","historical fiction, war","Holocaust, power of words, humanity, love, loss, war, heartbreaking, Nazi Germany, hope"
48,4381,4381,1272463,507,307347974,9.78E+12,Ray Bradbury,1953,Fahrenheit 451,Fahrenheit 451,spa,3.97,570498,1176240,30694,28366,64289,238242,426292,419051,https://images.gr-assets.com/books/1351643740m/4381.jpg,https://images.gr-assets.com/books/1351643740s/4381.jpg,"Dystopian future where firemen burn books and independent thought is outlawed. Classic science fiction warning about censorship, conformity, technology's dangers, loss of critical thinking, and importance of literature and knowledge.","dystopian, science fiction, classic","censorship, conformity, knowledge, technology, rebellion, books, critical thinking, dystopia"
49,49041,49041,3203964,194,316160199,9.78E+12,Stephenie Meyer,2006,"New Moon (Twilight, #2)","New Moon (Twilight, #2)",eng,3.52,1149630,1199000,44020,102837,160660,294207,290612,350684,https://images.gr-assets.com/books/1361039440m/49041.jpg,https://images.gr-assets.com/books/1361039440s/49041.jpg,"Bella's vampire love Edward leaves her, leading to dangerous friendship with werewolf Jacob. Paranormal romance exploring heartbreak, depression, supernatural conflict between vampires and werewolves, reckless behavior, and toxic relationships.","paranormal romance, young adult, fantasy","heartbreak, depression, supernatural, werewolves, toxic relationships, danger, forbidden love"
50,68428,68428,3212,155,316769487,9.78E+12,Stephenie Meyer,2007,Eclipse,"Eclipse (Twilight, #3)",eng,3.93,1118783,1163484,27832,41775,71551,239939,355050,455169,https://images.gr-assets.com/books/1361038355m/68428.jpg,https://images.gr-assets.com/books/1361038355s/68428.jpg,"Bella must choose between Edward and Jacob while vampire army threatens them all. Paranormal romance with love triangle, supernatural war, loyalty conflicts, choice, and consequences with action-packed supernatural battles.","paranormal romance, young adult, fantasy","love triangle, choice, supernatural war, loyalty, vampires, werewolves, danger"
51,11735983,11735983,15869012,107,316098329,9.78E+12,Stephenie Meyer,2008,Breaking Dawn,"Breaking Dawn (Twilight, #4)",eng,3.67,1020089,1072868,55107,57508,97657,215795,252190,449718,https://images.gr-assets.com/books/1361039440m/11735983.jpg,https://images.gr-assets.com/books/1361039440s/11735983.jpg,"Bella marries Edward and their honeymoon brings unexpected supernatural pregnancy. Controversial conclusion with marriage, transformation to vampire, motherhood, and supernatural battle defending their hybrid child from vampire authorities.","paranormal romance, young adult, fantasy","marriage, transformation, motherhood, supernatural, protection, family, vampires"
52,1620,1620,2096006,2493,553213105,9.78E+12,Ray Bradbury,1962,Something Wicked This Way Comes,Something Wicked This Way Comes,eng,3.95,130862,967074,19945,7853,21349,103329,274882,559661,https://images.gr-assets.com/books/1374044752m/1620.jpg,https://images.gr-assets.com/books/1374044752s/1620.jpg,"Two boys face evil carnival that grants twisted wishes in small Illinois town. Dark fantasy about temptation, growing up, good versus evil, wishes' costs, friendship, and facing fears with lyrical prose and Halloween atmosphere.","fantasy, horror, dark fantasy","good vs evil, temptation, coming of age, friendship, wishes, fear, darkness, carnival"
53,42844,42844,3462372,99,345535278,9.78E+12,Truman Capote,1966,In Cold Blood,In Cold Blood,eng,4.08,308824,912889,25030,8877,22082,132095,301893,447942,https://images.gr-assets.com/books/1424931136m/42844.jpg,https://images.gr-assets.com/books/1424931136s/42844.jpg,"Groundbreaking true crime account of Clutter family murder in Kansas. Pioneering non-fiction novel examining crime, criminals' psychology, investigation, violence, American Dream darkness, and capital punishment with journalistic detail and literary artistry.","true crime, non-fiction, crime","murder, violence, investigation, psychology, justice, American Dream, capital punishment"
54,24280,24280,3334452,90,743297334,9.78E+12,Mitch Albom,1997,Tuesdays with Morrie,Tuesdays with Morrie,eng,4.1,256862,816869,36349,9139,23349,111833,265831,405717,https://images.gr-assets.com/books/1499707556m/6900.jpg,https://images.gr-assets.com/books/1499707556s/6900.jpg,"Author reconnects with dying professor who shares life lessons. Heartwarming memoir about life's meaning, mortality, love, relationships, aging, finding purpose, and living fully with wisdom about what truly matters before death.","memoir, non-fiction, inspirational","life lessons, mortality, meaning, love, relationships, wisdom, death, inspiration, aging"
55,256683,256683,1078636,73,61234001,9.78E+12,Malcolm Gladwell,2000,The Tipping Point: How Little Things Can Make a Big Difference,The Tipping Point: How Little Things Can Make a Big Difference,eng,3.96,266865,778730,15913,14168,33098,136877,269044,325543,https://images.gr-assets.com/books/1473396980m/2612.jpg,https://images.gr-assets.com/books/1473396980s/2612.jpg,"Explores how small changes create massive movements and epidemics in ideas and products. Fascinating non-fiction examining social dynamics, influence, viral trends, tipping points, and how ideas spread through populations.","non-fiction, psychology, sociology","social dynamics, influence, viral trends, tipping points, psychology, change, epidemics"
56,3876,3876,2809203,122,451191145,9.78E+12,John Green,2005,Looking for Alaska,Looking for Alaska,eng,4,269988,750691,46611,17073,34782,141871,268326,288639,https://images.gr-assets.com/books/1387741443m/99561.jpg,https://images.gr-assets.com/books/1387741443s/99561.jpg,"Teen experiences first love and devastating loss at boarding school. Coming-of-age story exploring friendship, young love, grief, seeking meaning, and how tragedy shapes us with emotional depth and philosophical questions about before and after.","young adult, contemporary, coming of age","grief, first love, loss, friendship, meaning, tragedy, boarding school, coming of age"
57,170448,170448,1885699,106,375725601,9.78E+12,Cormac McCarthy,2006,The Road,The Road,eng,3.95,249449,719086,41142,22954,43598,129458,234718,288358,https://images.gr-assets.com/books/1355254513m/6288.jpg,https://images.gr-assets.com/books/1355254513s/6288.jpg,"Father and son journey through post-apocalyptic wasteland fighting for survival. Bleak and haunting tale about hope in darkness, love between parent and child, humanity's persistence, and maintaining morality when civilization collapses.","post-apocalyptic, literary fiction, dystopian","survival, father-son relationship, hope, humanity, apocalypse, love, bleakness, morality"
58,375802,375802,3204327,87,778322386,9.78E+12,Harper Lee,2015,Go Set a Watchman,Go Set a Watchman,eng,3.43,185086,645088,26844,36929,53738,138815,191825,223781,https://images.gr-assets.com/books/1438113349m/24602914.jpg,https://images.gr-assets.com/books/1438113349s/24602914.jpg,"Adult Scout returns home to confront father's racial views in changing South. Controversial sequel examining disillusionment, racial politics, moral complexity, hero worship, and reconciling past ideals with harsh present realities.","literary fiction, historical fiction","disillusionment, racial issues, moral complexity, father-daughter, civil rights, controversy"
59,2956,2956,41335427,131,316016384,9.78E+12,Aldous Huxley,1932,Brave New World,Brave New World,eng,3.96,570498,604395,19945,28366,64289,238242,426292,419051,https://images.gr-assets.com/books/1575509280m/5129.jpg,https://images.gr-assets.com/books/1575509280s/5129.jpg,"Dystopian society engineers perfect happiness through drugs and conditioning eliminating pain. Prophetic science fiction exploring conformity, technology control, loss of humanity, pleasure versus meaning, and cost of artificial stability.","dystopian, science fiction, classic","conformity, technology, control, humanity, pleasure, dystopia, engineered society, happiness"
60,662,662,2812369,93,6787241X,9.78E+12,Ken Kesey,1962,One Flew Over the Cuckoo's Nest,One Flew Over the Cuckoo's Nest,eng,4.17,531899,551899,15913,8168,18539,90575,230227,360777,https://images.gr-assets.com/books/1516211014m/332613.jpg,https://images.gr-assets.com/books/1516211014s/332613.jpg,"Rebellious patient challenges authoritarian nurse in psychiatric hospital. Powerful critique of institutionalization, conformity, freedom, sanity versus insanity, individual spirit, and oppressive systems with unforgettable characters and social commentary.","classic, literary fiction, psychological","institutionalization, freedom, conformity, rebellion, sanity, oppression, individuality"
61,324,324,1858012,84,451524934,9.78E+12,Kurt Vonnegut Jr.,1969,Slaughterhouse-Five,Slaughterhouse-Five,eng,4.07,531899,551899,15913,8168,18539,90575,230227,360777,https://images.gr-assets.com/books/1440319389m/4981.jpg,https://images.gr-assets.com/books/1440319389s/4981.jpg,"Soldier becomes unstuck in time experiencing WWII Dresden bombing non-linearly with aliens. Anti-war satire blending science fiction and trauma, exploring war's horrors, fate, free will, and absurdity with dark humor and innovative structure.","science fiction, war, classic, satire","war, trauma, time travel, fate, free will, PTSD, anti-war, absurdity"
62,77566,77566,3295919,78,399501487,9.78E+12,John Green,2008,An Abundance of Katherines,An Abundance of Katherines,eng,3.56,185086,645088,26844,36929,53738,138815,191825,223781,https://images.gr-assets.com/books/1353261801m/6575.jpg,https://images.gr-assets.com/books/1353261801s/6575.jpg,"Teen prodigy seeks mathematical formula to predict relationships after nineteen Katherine ex-girlfriends. Quirky coming-of-age tale about heartbreak, friendship, identity, finding yourself, and learning love can't be calculated or predicted.","young adult, contemporary, romance, coming of age","heartbreak, friendship, identity, love, mathematics, coming of age, relationships"
63,11588,11588,3046572,119,684801469,9.78E+12,S.E. Hinton,1975,Rumble Fish,Rumble Fish,eng,3.76,185086,645088,26844,36929,53738,138815,191825,223781,https://images.gr-assets.com/books/1334397815m/11588.jpg,https://images.gr-assets.com/books/1334397815s/11588.jpg,"Teen boy idolizes older brother in violent gang world. Gritty coming-of-age about brotherhood, violence, disillusionment, growing up in rough neighborhoods, and harsh realities destroying innocence and hero worship.","young adult, coming of age","brotherhood, violence, disillusionment, gangs, coming of age, hero worship, street life"
64,33,33,2963218,127,618260269,9.78E+12,J.R.R. Tolkien,1954,The Two Towers,"The Two Towers (The Lord of the Rings, #2)",eng,4.41,531899,551899,15913,8168,18539,90575,230227,360777,https://images.gr-assets.com/books/1298411339m/15241.jpg,https://images.gr-assets.com/books/1298411339s/15241.jpg,"Fellowship divides as war escalates and Frodo continues toward Mordor. Epic fantasy continuing the quest with battles, betrayal, loyalty, temptation's power, and parallel storylines of war and personal struggle against evil.","fantasy, epic, adventure, classic","war, loyalty, temptation, good vs evil, friendship, courage, quest, betrayal"
65,18405,18405,3046572,113,618002227,9.78E+12,J.R.R. Tolkien,1955,The Return of the King,"The Return of the King (The Lord of the Rings, #3)",eng,4.49,531899,551899,15913,8168,18539,90575,230227,360777,https://images.gr-assets.com/books/1298411339m/18512.jpg,https://images.gr-assets.com/books/1298411339s/18512.jpg,"Final epic battle for Middle-earth as Frodo reaches Mount Doom to destroy Ring. Triumphant conclusion with massive battles, sacrifice, heroism, friendship's power, and bittersweet victory over evil with emotional farewells.","fantasy, epic, adventure, classic","good vs evil, sacrifice, heroism, friendship, war, victory, bittersweet, conclusion"
66,3,3,4640799,104,142424242,9.78E+12,Charles Dickens,1861,Great Expectations,Great Expectations,eng,3.77,531899,551899,15913,8168,18539,90575,230227,360777,https://images.gr-assets.com/books/1327920219m/2623.jpg,https://images.gr-assets.com/books/1327920219s/2623.jpg,"Orphan Pip's journey from poverty to gentleman with mysterious benefactor. Classic coming-of-age about social class, ambition, love, disappointment, and learning true worth isn't measured by wealth or status.","classic, coming of age, literary fiction","social class, ambition, love, disappointment, identity, wealth, coming of age"
67,7126,7126,2963218,98,1400079985,9.78E+12,Ayn Rand,1957,Atlas Shrugged,Atlas Shrugged,eng,3.67,531899,551899,15913,8168,18539,90575,230227,360777,https://images.gr-assets.com/books/1405868167m/662.jpg,https://images.gr-assets.com/books/1405868167s/662.jpg,"Industrialists disappear as society collapses in philosophical novel about individualism. Controversial epic promoting objectivism, rational self-interest, capitalism, and critique of collectivism with complex philosophical arguments and dystopian elements.","philosophical fiction, dystopian, political","individualism, capitalism, philosophy, objectivism, society collapse, politics, self-interest"
68,77203,77203,3295919,89,156012197,9.78E+12,Antoine de Saint-Exupéry,1943,The Little Prince,The Little Prince,eng,4.3,531899,551899,15913,8168,18539,90575,230227,360777,https://images.gr-assets.com/books/1367545443m/157993.jpg,https://images.gr-assets.com/books/1367545443s/157993.jpg,"Young prince from asteroid visits Earth learning about love and loss. Philosophical fable about childhood wonder, love, responsibility, loneliness, and what's important in life through encounters teaching profound truths.","children's, philosophical fiction, fable, classic","love, loss, responsibility, childhood, wisdom, loneliness, meaning, relationships"
69,11870085,11870085,16827462,82,743477111,9.78E+12,Mary Shelley,1818,Frankenstein,Frankenstein: or The Modern Prometheus,eng,3.78,531899,551899,15913,8168,18539,90575,230227,360777,https://images.gr-assets.com/books/1487345969m/35031085.jpg,https://images.gr-assets.com/books/1487345969s/35031085.jpg,"Scientist creates living creature with disastrous consequences exploring creation's responsibilities. Gothic masterpiece about ambition, rejection, loneliness, humanity, playing god, and monster versus creator with timeless warnings.","gothic, horror, classic, science fiction","ambition, creation, rejection, loneliness, responsibility, monster, humanity, consequences"
70,5107,5107,3036731,96,156013615,9.78E+12,Joseph Heller,1961,Catch-22,Catch-22,eng,3.97,531899,551899,15913,8168,18539,90575,230227,360777,https://images.gr-assets.com/books/1463157317m/168668.jpg,https://images.gr-assets.com/books/1463157317s/168668.jpg,"WWII bombardier confronts absurd military bureaucracy and impossible paradoxes. Dark comedy satirizing war, bureaucracy, circular logic, insanity of warfare, and dehumanizing systems with innovative non-linear narrative.","war, satire, classic, dark comedy","war, absurdity, bureaucracy, satire, catch-22, military, dark humor, anti-war"
71,4406,4406,3046572,76,307265439,9.78E+12,Jodi Picoult,2004,My Sister's Keeper,My Sister's Keeper,eng,4.05,531899,551899,15913,8168,18539,90575,230227,360777,https://images.gr-assets.com/books/1369504683m/10917.jpg,https://images.gr-assets.com/books/1369504683s/10917.jpg,"Girl sues parents for medical emancipation after being conceived to save sister. Emotional family drama exploring bioethics, autonomy, family bonds, sacrifice, and impossible choices with multiple perspectives and shocking ending.","contemporary, family drama","bioethics, family, autonomy, sacrifice, illness, difficult choices, sisters, emotional"
72,2429135,2429135,1708725,91,374292795,9.78E+12,Margaret Atwood,1985,The Handmaid's Tale,The Handmaid's Tale,eng,4.1,531899,551899,15913,8168,18539,90575,230227,360777,https://images.gr-assets.com/books/1498057733m/38447.jpg,https://images.gr-assets.com/books/1498057733s/38447.jpg,"Woman forced into reproductive servitude in totalitarian theocratic dystopia. Chilling feminist dystopia about oppression, resistance, women's bodies as political battleground, loss of freedom, and warning against religious extremism.","dystopian, feminist fiction, science fiction, classic","oppression, resistance, women's rights, totalitarianism, dystopia, reproductive rights, freedom"
73,77203,77203,3295919,86,679722769,9.78E+12,Vladimir Nabokov,1955,Lolita,Lolita,eng,3.87,531899,551899,15913,8168,18539,90575,230227,360777,https://images.gr-assets.com/books/1377756377m/7604.jpg,https://images.gr-assets.com/books/1377756377s/7604.jpg,"Controversial novel about professor's obsession with twelve-year-old girl. Disturbing literary masterpiece with unreliable narrator exploring obsession, manipulation, abuse, and beautiful prose masking horrible acts.","classic, literary fiction, controversial","obsession, manipulation, abuse, unreliable narrator, controversial, literary, disturbing"
74,11870085,11870085,16827462,79,385490828,9.78E+12,Khaled Hosseini,2007,A Thousand Splendid Suns,A Thousand Splendid Suns,eng,4.37,531899,551899,15913,8168,18539,90575,230227,360777,https://images.gr-assets.com/books/1345958969m/128029.jpg,https://images.gr-assets.com/books/1345958969s/128029.jpg,"Two women's friendship amid Afghanistan's turbulent history and oppression. Heartbreaking tale about resilience, women's struggles, friendship, survival under Taliban, hope amid suffering, and strength facing unimaginable hardship.","historical fiction, literary fiction","friendship, women's struggles, war, Afghanistan, resilience, oppression, hope, heartbreaking"
75,227443,227443,3185154,193,014028009X,9.78E+12,Helen Fielding,1996,,"Bridget Jones's Diary (Bridget Jones, #1)",eng,3.75,736498,754498,8157,28973,59309,198555,254836,212825,https://images.gr-assets.com/books/1292060045m/227443.jpg,https://images.gr-assets.com/books/1292060045s/227443.jpg,"Single thirty-something London woman chronicles romantic disasters and self-improvement attempts. Hilarious contemporary romance diary-style about dating, self-acceptance, friendship, work-life balance, and finding love while being perfectly imperfect.","contemporary, romance, humor, chick lit","dating, self-acceptance, friendship, humor, romance, modern woman, relatability"
76,14935,14935,2809709,1969,141439661,9.78E+12,"Jane Austen, Tony Tanner, Ros Ballaster",1811,Sense and Sensibility,Sense and Sensibility,eng,4.06,738894,779382,11526,18430,34699,141987,272512,311754,https://images.gr-assets.com/books/1397245675m/14935.jpg,https://images.gr-assets.com/books/1397245675s/14935.jpg,"Two sisters navigate love and heartbreak with contrasting approaches to emotion. Austen classic about reason versus emotion, romance, sisterhood, social expectations, and finding balance between sense and sensibility in Regency society.","classic, romance, historical fiction","reason vs emotion, romance, sisterhood, social expectations, balance, love, heartbreak"
77,38709,38709,1679789,138,439244196,9.78E+12,"Louis Sachar, Louis Sachar",1998,Holes,"Holes (Holes, #1)",eng,3.93,747445,764637,15832,15495,43786,176946,269153,259257,https://images.gr-assets.com/books/1327781893m/38709.jpg,https://images.gr-assets.com/books/1327781893s/38709.jpg,"Boy sent to desert detention camp to dig holes uncovers family curse and treasure. Clever interweaving story about fate, justice, friendship, redemption, and how past connects to present with humor and heart.","young adult, mystery, adventure","fate, justice, friendship, redemption, family curse, adventure, digging holes, interconnection"
78,5139,5139,38765,129,307275558,9.78E+12,Lauren Weisberger,2003,The Devil Wears Prada,"The Devil Wears Prada (The Devil Wears Prada, #1)",eng,3.7,665930,679845,8024,24231,58323,192366,226675,178250,https://s.gr-assets.com/assets/nophoto/book/111x148-bcc042a9c91a29c1d680899eff700a03.png,https://s.gr-assets.com/assets/nophoto/book/50x75-a91bf249278a81aabab721ef782c4a74.png,"Assistant endures tyrannical fashion magazine editor in glamorous but brutal workplace. Satirical contemporary fiction about ambition, fashion industry, workplace abuse, sacrifice for career, and choosing between success and self-respect.","contemporary, humor, satire","ambition, fashion, workplace, tyrannical boss, career, sacrifice, self-respect, glamour"
79,1381,1381,3356006,1703,143039954,9.78E+12,"Homer, Robert Fagles, E.V. Rieu, Frédéric Mugler, Bernard Knox",-720,Ὀδύσσεια,The Odyssey,eng,3.73,670326,710757,8101,29703,65629,183082,224120,208223,https://images.gr-assets.com/books/1390173285m/1381.jpg,https://images.gr-assets.com/books/1390173285s/1381.jpg,"Epic poem of Odysseus's ten-year journey home after Trojan War. Ancient Greek classic about perseverance, loyalty, cleverness, temptation, homecoming, and hero's journey facing monsters, gods, and trials testing character.","epic, classic, mythology, poetry","journey, perseverance, loyalty, cleverness, homecoming, Greek mythology, trials, hero"
80,157993,157993,2180358,1708,156012197,9.78E+12,"Antoine de Saint-Exupéry, Richard Howard, Dom Marcos Barbosa, Melina Karakosta",1946,Le Petit Prince,The Little Prince,eng,4.28,738757,859286,24537,15039,32866,114714,228440,468227,https://images.gr-assets.com/books/1367545443m/157993.jpg,https://images.gr-assets.com/books/1367545443s/157993.jpg,"Young prince from asteroid visits Earth learning about love and loss. Philosophical fable about childhood wonder, love, responsibility, loneliness, and what's important in life through encounters teaching profound truths.","children's, philosophical fiction, fable, classic","love, loss, responsibility, childhood, wisdom, loneliness, meaning, relationships"
81,7445,7445,2944133,92,074324754X,9.78E+12,Jeannette Walls,2005,The Glass Castle,The Glass Castle,eng,4.24,621099,637866,40777,7901,18922,85191,227750,298102,https://images.gr-assets.com/books/1400930557m/7445.jpg,https://images.gr-assets.com/books/1400930557s/7445.jpg,"Memoir of unconventional childhood with brilliant but dysfunctional parents. Powerful story about poverty, resilience, family dysfunction, forgiveness, and transcending difficult upbringing with honesty about complex parent-child relationships.","memoir, non-fiction, biography","poverty, resilience, family dysfunction, forgiveness, childhood, parenting, survival, memoir"
82,1845,1845,3284484,108,385486804,9.78E+12,Jon Krakauer,1996,Into the Wild,Into the Wild,eng,3.94,647684,665377,17299,19229,35567,135199,248287,227095,https://images.gr-assets.com/books/1403173986m/1845.jpg,https://images.gr-assets.com/books/1403173986s/1845.jpg,"True story of young man who abandons society to live in Alaskan wilderness. Compelling non-fiction about idealism, solitude, nature, freedom, self-discovery, and tragic consequences of extreme independence and rejection of civilization.","non-fiction, biography, adventure","idealism, wilderness, freedom, solitude, self-discovery, nature, tragedy, independence"
83,1953,1953,2956372,525,141439602,9.78E+12,"Charles Dickens, Richard Maxwell, Hablot Knight Browne",1859,A Tale of Two Cities,A Tale of Two Cities,eng,3.81,637412,677713,13093,28904,55555,153305,216378,223571,https://images.gr-assets.com/books/1344922523m/1953.jpg,https://images.gr-assets.com/books/1344922523s/1953.jpg,"Love and sacrifice during French Revolution between Paris and London. Historical classic about resurrection, duality, revolution, sacrifice, redemption, and famous opening and closing lines capturing era's violence and heroism.","classic, historical fiction","French Revolution, sacrifice, redemption, love, revolution, resurrection, duality, heroism"
84,7677,6424171,3376836,176,030734813X,9.78E+12,Michael Crichton,1990,Jurassic Park,"Jurassic Park (Jurassic Park, #1)",spa,3.96,447833,650483,8143,15736,34222,138327,231583,230615,https://s.gr-assets.com/assets/nophoto/book/111x148-bcc042a9c91a29c1d680899eff700a03.png,https://s.gr-assets.com/assets/nophoto/book/50x75-a91bf249278a81aabab721ef782c4a74.png,"Cloned dinosaurs escape control in theme park with deadly consequences. Thrilling science fiction about hubris, chaos theory, playing god, nature's power, and dangers of genetic engineering and corporate greed.","science fiction, thriller, adventure","dinosaurs, genetic engineering, chaos theory, hubris, nature, corporate greed, danger, science"
85,370493,370493,30530,81,60256656,9.78E+12,Shel Silverstein,1964,The Giving Tree,The Giving Tree,eng,4.38,702332,708287,14368,15345,20408,76071,167542,428921,https://images.gr-assets.com/books/1174210942m/370493.jpg,https://images.gr-assets.com/books/1174210942s/370493.jpg,"Controversial fable of tree's unconditional giving to boy through life. Children's book sparking debate about selfless love, sacrifice, taking versus giving, and whether story celebrates generosity or enables selfishness.","children's, fable, picture book","unconditional love, sacrifice, giving, selfishness vs selflessness, relationships, controversial"
86,32542,32542,1804929,158,385338600,9.78E+12,John Grisham,1989,A Time to Kill,A Time to Kill,eng,4.03,597775,608824,4239,12106,25938,122675,218617,229488,https://s.gr-assets.com/assets/nophoto/book/111x148-bcc042a9c91a29c1d680899eff700a03.png,https://s.gr-assets.com/assets/nophoto/book/50x75-a91bf249278a81aabab721ef782c4a74.png,"Black father stands trial for killing daughter's rapists in racially charged Mississippi. Legal thriller exploring racial justice, vengeance versus law, moral dilemmas, and confronting deep-seated prejudice in courtroom drama.","legal thriller, crime","racial justice, revenge vs law, moral dilemma, prejudice, courtroom, violence, justice"
87,1617,1617,265616,109,374500010,9.78E+12,"Elie Wiesel, Marion Wiesel",1958,Un di Velt Hot Geshvign,Night (The Night Trilogy #1),eng,4.3,691231,707879,22001,7761,18539,90575,230227,360777,https://images.gr-assets.com/books/1473495285m/1617.jpg,https://images.gr-assets.com/books/1473495285s/1617.jpg,"Harrowing Holocaust memoir of teenage boy surviving Nazi concentration camps. Devastating testimony about inhumanity, loss of faith, survival, father-son bond, and bearing witness to humanity's darkest chapter with profound impact.","memoir, Holocaust, non-fiction, historical","Holocaust, survival, faith, inhumanity, father-son, testimony, tragedy, heartbreaking, genocide"
88,6442769,6442769,3364505,178,014241493X,9.78E+12,John Green,2008,Paper Towns,Paper Towns,en-US,3.88,461311,655271,42717,14105,47183,154479,223895,215609,https://images.gr-assets.com/books/1349013610m/6442769.jpg,https://images.gr-assets.com/books/1349013610s/6442769.jpg,"Boy searches for disappeared crush discovering she's not who he imagined. Mystery coming-of-age about idealization, manic pixie dream girls, finding real person beneath projections, friendship, and growing up beyond fantasies.","young adult, mystery, contemporary, coming of age","idealization, reality vs fantasy, friendship, mystery, coming of age, search, self-discovery"
89,21787,21787,992628,129,345418263,9.78E+12,William Goldman,1973,The Princess Bride,The Princess Bride ,en-US,4.25,628637,658042,15630,12883,21641,89236,196047,338235,https://images.gr-assets.com/books/1327903636m/21787.jpg,https://images.gr-assets.com/books/1327903636s/21787.jpg,"Swashbuckling adventure romance with pirates, revenge, true love, and humor. Beloved fantasy satire about true love, adventure, revenge, friendship, and storytelling with quotable dialogue and self-aware fairy tale fun.","fantasy, adventure, romance, humor","true love, adventure, revenge, friendship, humor, pirates, fairy tale, satire"
90,231804,231804,1426690,156,014038572X,9.78E+12,S.E. Hinton,1967,The Outsiders,The Outsiders,en-US,4.06,659248,680437,22662,10178,34346,134244,227250,274419,https://images.gr-assets.com/books/1442129426m/231804.jpg,https://images.gr-assets.com/books/1442129426s/231804.jpg,"Rival gangs Greasers and Socs clash in 1960s class warfare. Classic young adult about social class, gang violence, brotherhood, staying gold, and finding humanity across societal divides with timeless themes of belonging.","young adult, classic, coming of age","social class, gangs, brotherhood, violence, belonging, coming of age, class warfare, loyalty"
91,6186357,6186357,6366642,147,385737947,9.78E+12,James Dashner,2009,The Maze Runner,"The Maze Runner (Maze Runner, #1)",eng,4.02,719925,777956,48942,15291,43370,150488,266698,302109,https://images.gr-assets.com/books/1375596592m/6186357.jpg,https://images.gr-assets.com/books/1375596592s/6186357.jpg,"Teens trapped in deadly maze must escape with memories erased. Fast-paced dystopian thriller about survival, mystery, leadership, cooperation, and uncovering sinister experiment with maze solving and action.","young adult, dystopian, science fiction, thriller","survival, mystery, maze, experiment, cooperation, leadership, action, dystopia"
92,1202,1202,5397,124,61234001,9.78E+12,"Steven D. Levitt, Stephen J. Dubner",2005,Freakonomics: A Rogue Economist Explores the Hidden Side of Everything,"Freakonomics: A Rogue Economist Explores the Hidden Side of Everything (Freakonomics, #1)",en-US,3.93,524191,549301,13668,14586,26538,115789,216316,176072,https://images.gr-assets.com/books/1327909092m/1202.jpg,https://images.gr-assets.com/books/1327909092s/1202.jpg,"Economist uncovers surprising truths using data about crime, cheating, and culture. Fascinating non-fiction applying economics to unconventional topics revealing hidden patterns, incentives, and counter-intuitive explanations for human behavior.","non-fiction, economics, sociology","economics, incentives, data, patterns, human behavior, surprising truths, analysis"
93,2998,2998,3186437,1350,517189607,9.78E+12,Frances Hodgson Burnett,1911,The Secret Garden,The Secret Garden,eng,4.12,639357,692249,13054,8005,25207,129646,243821,285570,https://images.gr-assets.com/books/1327873635m/2998.jpg,https://images.gr-assets.com/books/1327873635s/2998.jpg,"Orphaned girl discovers magical hidden garden that transforms her and others. Classic children's tale about healing, growth, nature's power, friendship, and renewal with themes of transformation through caring for garden and each other.","children's, classic","healing, growth, nature, transformation, friendship, magic, garden, renewal, childhood"
94,320,320,3295655,555,60531045,9.78E+12,"Gabriel García Márquez, Gregory Rabassa",1967,Cien años de soledad,One Hundred Years of Solitude,eng,4.04,490565,575667,21671,27340,37646,87675,155809,267197,https://images.gr-assets.com/books/1327881361m/320.jpg,https://images.gr-assets.com/books/1327881361s/320.jpg,"Multi-generational family saga in magical Colombian town Macondo. Magical realism masterpiece about family, destiny, solitude, circular time, and Latin American history with fantastical elements woven into epic narrative.","magical realism, classic, literary fiction","family saga, destiny, solitude, magical realism, Latin America, generations, history"
95,5297,5297,1858012,2303,375751513,9.78E+12,"Oscar Wilde, Jeffrey Eugenides",1891,The Picture of Dorian Gray,The Picture of Dorian Gray,eng,4.06,590014,674551,19647,9825,30735,129420,246892,257679,https://images.gr-assets.com/books/1424596966m/5297.jpg,https://images.gr-assets.com/books/1424596966s/5297.jpg,"Man's portrait ages while he remains young pursuing hedonistic life. Gothic philosophical novel about vanity, corruption, morality, consequences of sin, and how external beauty masks internal decay with Faustian themes.","classic, gothic, philosophical fiction","vanity, corruption, morality, sin, beauty, aging, consequences, hedonism, soul"
96,13536860,13536860,18034963,133,345803507,9.78E+12,E.L. James,2012,Fifty Shades Freed,"Fifty Shades Freed (Fifty Shades, #3)",eng,3.88,387290,610116,25287,39079,55691,109963,140304,265079,https://images.gr-assets.com/books/1336418837m/13536860.jpg,https://images.gr-assets.com/books/1336418837s/13536860.jpg,"Ana and Christian marry but past threatens their future. Erotic romance conclusion with marriage, danger, stalking, pregnancy, and evolving relationship dynamics with explicit content and dramatic conflicts.","romance, erotica, contemporary","marriage, danger, stalking, pregnancy, passion, relationships, drama, erotica"
97,17245,17245,3165724,2207,393970124,9.78E+12,"Bram Stoker, Nina Auerbach, David J. Skal",1897,Dracula,Dracula,eng,3.98,618973,689739,17263,11756,36719,151396,246043,243825,https://images.gr-assets.com/books/1387151694m/17245.jpg,https://images.gr-assets.com/books/1387151694s/17245.jpg,"Victorian vampire Count Dracula terrorizes England in gothic horror classic. Epistolary horror defining vampire mythology with themes of sexuality, good versus evil, invasion fears, and battle against ancient evil.","horror, gothic, classic","vampires, good vs evil, sexuality, fear, invasion, gothic horror, supernatural, classic monster"
98,5060378,5060378,6976108,209,307269981,9.78E+12,"Stieg Larsson, Reg Keeland",2006,Flickan som lekte med elden,"The Girl Who Played with Fire (Millennium, #2)",eng,4.22,563994,649253,31423,4623,15781,91021,258236,279592,https://images.gr-assets.com/books/1351778881m/5060378.jpg,https://images.gr-assets.com/books/1351778881s/5060378.jpg,"Lisbeth Salander becomes murder suspect while exposing sex trafficking ring. Dark thriller sequel with conspiracy, violence, corruption, revenge, and unraveling Lisbeth's traumatic past with intense action and mystery.","thriller, mystery, crime","conspiracy, sex trafficking, revenge, murder, corruption, violence, investigation, justice"
99,11857408,11857408,16813814,147,1612130585,9.78E+12,E.L. James,2011,Fifty Shades Darker,"Fifty Shades Darker (Fifty Shades, #2)",eng,3.87,552059,623340,28052,37245,58935,114203,150906,262051,https://images.gr-assets.com/books/1358266080m/11857408.jpg,https://images.gr-assets.com/books/1358266080s/11857408.jpg,"Ana and Christian reunite exploring deeper relationship beyond dominance. Erotic romance sequel with jealousy, stalking, Christian's dark past revealed, and evolving power dynamics with explicit content and emotional drama.","romance, erotica, contemporary","relationships, jealousy, past trauma, passion, stalking, power dynamics, erotica, drama"